{
    "errors_middle": [
        5.999001494202266e-05,
        1.4997574020342644e-05,
        3.7493963047782134e-06,
        9.37347658046565e-07,
        2.3433523274477355e-07,
        5.8582110174995594e-08,
        1.4643828459733055e-08,
        3.6592544118505682e-09,
        9.131406217104121e-10,
        2.2655087701661802e-10,
        5.513808853940816e-11,
        1.1314024803837919e-11
    ],
    "condition_numbers": [
        7.999424047228128,
        31.997504197264462,
        127.98982479690575,
        511.95910719535055,
        2047.8362367890938,
        8191.344755165675,
        32765.37882867078,
        131061.5151222932,
        524246.06031008874,
        2096984.2409514731,
        8387936.965198482,
        33551747.834371995
    ]
}